RESPID,YEAR,AGE,AGEGRP,AGEGRP2,GENDER,RACE,INCOME,INCOMEGRP,EDUCATION,RELIG,PARTY,RELIMP,PRAY,MARITAL,FACEBOOK,YOUTUBE,TWITTER,INSTAGRAM,SNAPCHAT,WHATSAPP,LINKEDIN,PINTEREST,TIKTOK,BEREAL,REDDIT,ECON1MOD,ECON1BMOD,BASEWEIGHT,WEIGHT
1.0,2020,71.0,nan,60-79,Female,White,$50K-$75K,N/A,Bachelor's Degree,Agnostic,Democrat,Not at all important,Never,Married,Yes use,"No, don’t use this","No, don’t use this","No, don’t use this","No, don’t use this","No, don’t use this","No, don’t use this","No, don’t use this",,,,Good,About the same,2.1311079940977207,0.7496635465964346
2.0,2020,23.0,nan,18-24,Female,Mixed Race,< $10K,< $40K,High School,Nothing in particular,Other,Not too important,Seldom,Never married,Yes use,Yes use,Yes use,Yes use,Yes use,"No, don’t use this","No, don’t use this","No, don’t use this",,,,Only fair,Worse,2.1311079940977207,3.430204535582046
3.0,2020,37.0,nan,25-39,Male,Mixed Race,$20K-$30K,< $40K,Bachelor's Degree,Protestant,Democrat,Very important,Once a day,Living with a partner,Yes use,Yes use,Yes use,Yes use,Yes use,Yes use,Yes use,"No, don’t use this",,,,Poor,Worse,1.9701671652116497,0.8814874191334998
4.0,2020,70.0,nan,60-79,Male,White,$50K-$75K,N/A,Master's Degree or Higher,Roman Catholic,Democrat,Not too important,Seldom,Widowed,"No, don’t use this",Yes use,"No, don’t use this","No, don’t use this","No, don’t use this","No, don’t use this","No, don’t use this","No, don’t use this",,,,Only fair,Worse,1.0655539970488603,0.24915357204907937
5.0,2020,39.0,nan,25-39,Male,White,$40K-$50K,$40-70K,Some College,Protestant,Republican,Somewhat important,Seldom,Divorced,Yes use,Yes use,"No, don’t use this",Yes use,Yes use,"No, don’t use this","No, don’t use this","No, don’t use this",,,,Good,Better,1.0655539970488603,0.636452670509983
6.0,2020,49.0,nan,40-59,Male,White,$100K-$150K,$100K+,High School,Orthodox,Republican,Very important,Several times a day,Married,Yes use,Yes use,Yes use,Yes use,"No, don’t use this",Yes use,Yes use,"No, don’t use this",,,,Good,Better,3.196661991146581,3.1396837409821106
7.0,2020,67.0,nan,60-79,Female,White,$100K-$150K,$100K+,High School,Protestant,Other,Very important,Several times a day,Divorced,Yes use,Yes use,"No, don’t use this",Yes use,"No, don’t use this",Yes use,"No, don’t use this","No, don’t use this",,,,Only fair,About the same,1.0655539970488603,0.7029970856322346
8.0,2020,,nan,N/A,Male,White,N/A,N/A,Master's Degree or Higher,Agnostic,Democrat,Not at all important,Never,Married,"No, don’t use this",Yes use,Yes use,"No, don’t use this","No, don’t use this","No, don’t use this",Yes use,"No, don’t use this",,,,Only fair,About the same,1.0655539970488603,0.24915357204907937
9.0,2020,45.0,nan,40-59,Female,Black,$100K-$150K,$100K+,Master's Degree or Higher,Roman Catholic,Democrat,Very important,Several times a day,Married,Yes use,Yes use,Yes use,Yes use,Yes use,"No, don’t use this","No, don’t use this",Yes use,,,,Good,About the same,1.9701671652116497,0.687752801075786
10.0,2020,37.0,nan,25-39,Female,Black,$50K-$75K,N/A,Some College,Protestant,Democrat,Somewhat important,A few times a month,Living with a partner,"No, don’t use this",Yes use,"No, don’t use this",Yes use,"No, don’t use this",Yes use,"No, don’t use this",Yes use,,,,Poor,Better,2.1311079940977207,1.0626323120240744
11.0,2020,53.0,nan,40-59,Male,White,$100K-$150K,$100K+,Bachelor's Degree,Protestant,Republican,Very important,Several times a day,Married,Yes use,Yes use,"No, don’t use this","No, don’t use this",Yes use,"No, don’t use this",Yes use,"No, don’t use this",,,,Good,Better,2.1053642444871223,0.601206229207263
12.0,2020,73.0,nan,60-79,Male,White,$30K-$40K,< $40K,High School,Buddhist,Democrat,Somewhat important,Never,Married,Yes use,Yes use,Yes use,Yes use,"No, don’t use this","No, don’t use this","No, don’t use this",Yes use,,,,Poor,About the same,2.1311079940977207,1.168365255368554
13.0,2020,68.0,nan,60-79,Male,White,$40K-$50K,$40-70K,Associate's Degree,Roman Catholic,Independent,Somewhat important,A few times a month,Divorced,"No, don’t use this",Yes use,"No, don’t use this","No, don’t use this","No, don’t use this",Yes use,"No, don’t use this","No, don’t use this",,,,Good,Better,1.0655539970488603,0.3133666280451437
14.0,2020,,nan,N/A,Female,White,$100K-$150K,$100K+,Some College,Protestant,Republican,Not too important,Seldom,Married,Yes use,Yes use,Yes use,Yes use,Yes use,"No, don’t use this",Yes use,Yes use,,,,Excellent,Better,1.0655539970488603,0.36090290781561873
15.0,2020,20.0,nan,18-24,Female,White,< $10K,< $40K,Associate's Degree,Roman Catholic,Democrat,Very important,Once a day,Never married,Refused,N/A,N/A,Yes use,N/A,N/A,N/A,N/A,,,,Poor,Better,2.4399495024969826,1.0340789738697442
16.0,2020,48.0,nan,40-59,Female,Black,$10K-$20K,< $40K,Some College,Protestant,Democrat,Very important,Several times a day,Married,Yes use,Yes use,N/A,N/A,N/A,N/A,N/A,Yes use,,,,Good,Better,0.9850835826058248,0.40919043043801784
17.0,2020,59.0,nan,40-59,Male,White,$150K+,$100K+,Bachelor's Degree,Protestant,Republican,Very important,Once a day,Married,"No, don’t use this",Yes use,Yes use,"No, don’t use this","No, don’t use this","No, don’t use this",Yes use,"No, don’t use this",,,,Excellent,About the same,3.196661991146581,0.7476263006797151
18.0,2020,44.0,nan,40-59,Female,Other,$30K-$40K,< $40K,Associate's Degree,Protestant,Democrat,Very important,Several times a day,Divorced,Yes use,Yes use,"No, don’t use this","No, don’t use this","No, don’t use this",Yes use,"No, don’t use this","No, don’t use this",,,,Poor,About the same,1.626633001664655,0.4008895702105745
19.0,2020,59.0,nan,40-59,Female,White,$20K-$30K,< $40K,Associate's Degree,Mormon,Democrat,Not too important,Seldom,Widowed,Yes use,Yes use,"No, don’t use this","No, don’t use this","No, don’t use this","No, don’t use this","No, don’t use this","No, don’t use this",,,,Only fair,About the same,3.196661991146581,0.9214833032044083
20.0,2020,50.0,nan,40-59,Male,White,$50K-$75K,N/A,High School,Protestant,Independent,Somewhat important,Once a day,Married,Yes use,Yes use,Yes use,Yes use,"No, don’t use this","No, don’t use this","No, don’t use this","No, don’t use this",,,,Good,Better,1.9701671652116497,1.645289874203194
21.0,2020,50.0,nan,40-59,Male,White,$50K-$75K,N/A,Some College,Nothing in particular,Other,Not at all important,Never,Married,Yes use,Yes use,"No, don’t use this","No, don’t use this","No, don’t use this","No, don’t use this","No, don’t use this","No, don’t use this",,,,Only fair,Worse,2.1311079940977207,1.1049666263809377
22.0,2020,49.0,nan,40-59,Female,White,$30K-$40K,< $40K,Some College,Protestant,Republican,Very important,Several times a day,Married,Yes use,Yes use,N/A,N/A,N/A,Yes use,N/A,Yes use,,,,Good,Better,2.1311079940977207,0.7037852671919788
23.0,2020,75.0,nan,60-79,Female,White,$50K-$75K,N/A,Some College,Protestant,Democrat,Very important,Several times a day,Widowed,Yes use,Yes use,"No, don’t use this","No, don’t use this","No, don’t use this","No, don’t use this",Yes use,"No, don’t use this",,,,Good,Better,1.0655539970488603,0.3731400051569485
24.0,2020,63.0,nan,60-79,Male,White,$150K+,$100K+,Associate's Degree,Nothing in particular,Republican,Not too important,Seldom,Married,"No, don’t use this","No, don’t use this",Yes use,Yes use,"No, don’t use this","No, don’t use this","No, don’t use this","No, don’t use this",,,,Good,Better,1.9701671652116497,0.6765419556543686
25.0,2020,76.0,nan,60-79,Female,White,$50K-$75K,N/A,Master's Degree or Higher,Protestant,Democrat,Very important,Several times a day,Divorced,Yes use,Yes use,"No, don’t use this","No, don’t use this","No, don’t use this","No, don’t use this","No, don’t use this","No, don’t use this",,,,Only fair,Better,1.0655539970488603,0.38230697680894987
26.0,2020,46.0,nan,40-59,Female,White,$50K-$75K,N/A,Master's Degree or Higher,Protestant,Independent,Very important,Once a day,Divorced,Yes use,Yes use,"No, don’t use this","No, don’t use this","No, don’t use this","No, don’t use this",Yes use,"No, don’t use this",,,,Good,Better,1.0655539970488603,0.2514239880363119
27.0,2020,33.0,nan,25-39,Female,Mixed Race,$20K-$30K,< $40K,Some College,Nothing in particular,Independent,Very important,Several times a day,Living with a partner,Yes use,Yes use,Yes use,Yes use,Yes use,Yes use,Yes use,Yes use,,,,Good,Better,2.1311079940977207,2.554060790119143
28.0,2020,40.0,nan,40-59,Female,White,$100K-$150K,$100K+,Master's Degree or Higher,Protestant,Independent,Not too important,A few times a month,Married,Yes use,Yes use,Yes use,Yes use,"No, don’t use this","No, don’t use this","No, don’t use this",Yes use,,,,Only fair,Better,3.196661991146581,0.8712062974204369
29.0,2020,,nan,N/A,Male,White,N/A,N/A,Master's Degree or Higher,Protestant,Republican,Very important,Several times a day,Married,"No, don’t use this",Yes use,"No, don’t use this","No, don’t use this","No, don’t use this",Yes use,Yes use,"No, don’t use this",,,,Only fair,Better,2.1311079940977207,0.4850472031916656
30.0,2020,52.0,nan,40-59,Male,White,$50K-$75K,N/A,Associate's Degree,Protestant,Republican,Somewhat important,A few times a month,Married,"No, don’t use this",Yes use,"No, don’t use this","No, don’t use this","No, don’t use this","No, don’t use this","No, don’t use this","No, don’t use this",,,,Good,About the same,2.1311079940977207,0.9880734859926975
31.0,2020,68.0,nan,60-79,Male,White,$100K-$150K,$100K+,Bachelor's Degree,Other,Independent,Somewhat important,A few times a month,Divorced,Yes use,Yes use,Yes use,Yes use,"No, don’t use this","No, don’t use this","No, don’t use this","No, don’t use this",,,,Good,Better,1.0655539970488603,0.2430980191360858
32.0,2020,27.0,nan,25-39,Male,White,$40K-$50K,$40-70K,Bachelor's Degree,Roman Catholic,Republican,Somewhat important,Once a week,Never married,Yes use,Yes use,Yes use,Yes use,Yes use,"No, don’t use this","No, don’t use this","No, don’t use this",,,,Good,About the same,3.196661991146581,1.4841751972729447
33.0,2020,28.0,nan,25-39,Female,Mixed Race,$50K-$75K,N/A,High School,Protestant,Democrat,Very important,Once a day,Married,Yes use,Yes use,"No, don’t use this","No, don’t use this",Yes use,"No, don’t use this",Yes use,Yes use,,,,Only fair,Better,1.214402768146234,1.5798994981862722
34.0,2020,56.0,nan,40-59,Male,Other,$150K+,$100K+,Some College,Atheist,Democrat,Not at all important,Never,Married,Yes use,Yes use,Yes use,"No, don’t use this","No, don’t use this","No, don’t use this","No, don’t use this","No, don’t use this",,,,Poor,Better,1.626633001664655,0.4005184110545624
35.0,2020,29.0,nan,25-39,Female,White,$40K-$50K,$40-70K,Bachelor's Degree,Roman Catholic,Democrat,Somewhat important,Once a week,Living with a partner,Yes use,Yes use,"No, don’t use this",Yes use,Yes use,"No, don’t use this",Yes use,Yes use,,,,Only fair,Better,2.1311079940977207,1.3860462967572424
36.0,2020,76.0,nan,60-79,Female,White,$75K-$100K,$70-100K,Some College,Roman Catholic,Republican,Very important,Several times a day,Married,Yes use,Yes use,"No, don’t use this",Yes use,"No, don’t use this","No, don’t use this","No, don’t use this","No, don’t use this",,,,Only fair,Better,2.1311079940977207,0.8173822473726082
37.0,2020,77.0,nan,60-79,Male,White,$30K-$40K,< $40K,Associate's Degree,Roman Catholic,Republican,Somewhat important,A few times a week,Divorced,"No, don’t use this",Yes use,"No, don’t use this","No, don’t use this","No, don’t use this",Yes use,"No, don’t use this","No, don’t use this",,,,Only fair,Better,3.196661991146581,0.9141891991620987
38.0,2020,62.0,nan,60-79,Male,White,$75K-$100K,$70-100K,Some College,Agnostic,Democrat,Not at all important,Never,Married,"No, don’t use this","No, don’t use this","No, don’t use this","No, don’t use this","No, don’t use this","No, don’t use this","No, don’t use this","No, don’t use this",,,,Good,Worse,3.196661991146581,1.0884047790779656
39.0,2020,69.0,nan,60-79,Female,White,$50K-$75K,N/A,Bachelor's Degree,Other,Other,Not at all important,Never,Married,"No, don’t use this",Yes use,"No, don’t use this","No, don’t use this","No, don’t use this",Yes use,"No, don’t use this","No, don’t use this",,,,Poor,About the same,2.1311079940977207,0.7306668165904877
40.0,2020,65.0,nan,60-79,Female,Black,$40K-$50K,$40-70K,Associate's Degree,Protestant,Democrat,Very important,Several times a day,Never married,"No, don’t use this",Yes use,"No, don’t use this","No, don’t use this","No, don’t use this","No, don’t use this","No, don’t use this","No, don’t use this",,,,Good,Better,0.9850835826058248,0.4992675456101636
41.0,2020,20.0,nan,18-24,Female,Black,< $10K,< $40K,High School,Nothing in particular,Republican,Not at all important,A few times a month,Never married,Yes use,Yes use,Yes use,Yes use,Yes use,Yes use,Yes use,Yes use,,,,Good,About the same,0.607201384073117,0.8864745635119986
42.0,2020,54.0,nan,40-59,Male,White,$100K-$150K,$100K+,Associate's Degree,Protestant,Republican,Very important,Several times a day,Married,Yes use,Yes use,Yes use,Yes use,"No, don’t use this","No, don’t use this",Yes use,"No, don’t use this",,,,Good,Better,3.196661991146581,1.4811408492441598
43.0,2020,40.0,nan,40-59,Male,White,$30K-$40K,< $40K,High School,Mormon,Republican,Somewhat important,Seldom,Never married,Yes use,Yes use,"No, don’t use this",Yes use,Yes use,"No, don’t use this",Yes use,"No, don’t use this",,,,Only fair,Better,1.0655539970488603,1.3109946020687884
44.0,2020,61.0,nan,60-79,Male,White,$100K-$150K,$100K+,Associate's Degree,Protestant,Democrat,Very important,Several times a day,Married,Yes use,Yes use,"No, don’t use this","No, don’t use this","No, don’t use this","No, don’t use this","No, don’t use this","No, don’t use this",,,,Only fair,Better,2.1311079940977207,0.8165500549789213
45.0,2020,88.0,nan,80+,Male,Black,$30K-$40K,< $40K,No schooling completed,Roman Catholic,Democrat,Very important,Several times a day,Married,Yes use,Yes use,N/A,Yes use,"No, don’t use this",Yes use,N/A,N/A,,,,Poor,Worse,2.9552507478174745,1.654388765473947
46.0,2020,43.0,nan,40-59,Male,White,$100K-$150K,$100K+,Some College,Protestant,Republican,Very important,A few times a week,Married,Yes use,Yes use,"No, don’t use this","No, don’t use this","No, don’t use this","No, don’t use this","No, don’t use this","No, don’t use this",,,,Excellent,Better,3.1580463667306837,1.8569339860430452
47.0,2020,35.0,nan,25-39,Female,White,$75K-$100K,$70-100K,Bachelor's Degree,Protestant,Republican,Very important,Several times a day,Married,Yes use,Yes use,Yes use,"No, don’t use this","No, don’t use this","No, don’t use this",Yes use,"No, don’t use this",,,,Poor,Better,2.1311079940977207,0.5857876672874462
48.0,2020,25.0,nan,25-39,Female,Mixed Race,< $10K,< $40K,Some College,Nothing in particular,Independent,Not too important,Never,Living with a partner,Yes use,Yes use,"No, don’t use this","No, don’t use this","No, don’t use this","No, don’t use this","No, don’t use this","No, don’t use this",,,,Only fair,About the same,1.0526821222435612,0.34841058518719886
49.0,2020,70.0,nan,60-79,Female,White,$50K-$75K,N/A,Bachelor's Degree,Protestant,Independent,Very important,Several times a day,Divorced,Yes use,Yes use,"No, don’t use this","No, don’t use this","No, don’t use this","No, don’t use this","No, don’t use this",Yes use,,,,Poor,About the same,2.1311079940977207,0.6539135194780085
50.0,2020,35.0,nan,25-39,Female,White,< $10K,< $40K,Some College,Agnostic,Other,Not too important,A few times a week,Living with a partner,Yes use,Yes use,"No, don’t use this","No, don’t use this","No, don’t use this","No, don’t use this",Yes use,Yes use,,,,Good,Better,1.9701671652116497,0.6771788232321936
51.0,2020,30.0,nan,25-39,Male,White,$50K-$75K,N/A,Associate's Degree,Protestant,Independent,Somewhat important,Once a day,Married,Yes use,Yes use,"No, don’t use this","No, don’t use this","No, don’t use this","No, don’t use this","No, don’t use this","No, don’t use this",,,,Good,About the same,2.1311079940977207,2.207030516161849
52.0,2020,44.0,nan,40-59,Male,White,$40K-$50K,$40-70K,High School,Nothing in particular,Other,Very important,Several times a day,Married,"No, don’t use this",Yes use,"No, don’t use this","No, don’t use this","No, don’t use this",Yes use,"No, don’t use this","No, don’t use this",,,,Only fair,About the same,2.1311079940977207,3.1007849046081284
53.0,2020,57.0,nan,40-59,Male,White,$150K+,$100K+,Bachelor's Degree,Roman Catholic,Republican,Somewhat important,Once a day,Married,"No, don’t use this",Yes use,"No, don’t use this","No, don’t use this","No, don’t use this","No, don’t use this",Yes use,"No, don’t use this",,,,Excellent,About the same,3.1580463667306837,0.8472423825383044
54.0,2020,83.0,nan,80+,Male,White,$50K-$75K,N/A,Some College,Protestant,Republican,Very important,Once a day,Widowed,"No, don’t use this",Yes use,Yes use,"No, don’t use this","No, don’t use this","No, don’t use this","No, don’t use this","No, don’t use this",,,,Good,About the same,1.0655539970488603,0.3133666280451437
55.0,2020,37.0,nan,25-39,Female,Black,$50K-$75K,N/A,Master's Degree or Higher,Protestant,Other,Very important,Several times a day,Never married,Yes use,Yes use,"No, don’t use this",Yes use,Yes use,Yes use,"No, don’t use this",Yes use,,,,Only fair,About the same,0.9850835826058248,0.6639580440845722
56.0,2020,59.0,nan,40-59,Female,Black,$150K+,$100K+,Bachelor's Degree,Protestant,Democrat,Very important,Several times a day,Married,Yes use,Yes use,"No, don’t use this","No, don’t use this","No, don’t use this","No, don’t use this",Yes use,Yes use,,,,Only fair,Worse,1.9701671652116497,0.6052230561873783
57.0,2020,41.0,nan,40-59,Male,White,$100K-$150K,$100K+,Bachelor's Degree,Protestant,Democrat,Somewhat important,Seldom,Married,Yes use,Yes use,Yes use,"No, don’t use this","No, don’t use this","No, don’t use this",Yes use,"No, don’t use this",,,,Good,Better,3.196661991146581,1.1570209583035316
58.0,2020,19.0,nan,18-24,Male,White,$10K-$20K,< $40K,High School,Protestant,Independent,Very important,A few times a week,Living with a partner,Yes use,Yes use,"No, don’t use this",Yes use,Yes use,"No, don’t use this","No, don’t use this","No, don’t use this",,,,Good,About the same,2.1311079940977207,3.316009255115437
59.0,2020,55.0,nan,40-59,Female,White,$150K+,$100K+,Master's Degree or Higher,Atheist,Democrat,Not at all important,Never,Married,Yes use,Yes use,Yes use,Yes use,Yes use,"No, don’t use this",Yes use,Yes use,,,,Only fair,About the same,2.1311079940977207,0.6352329754917038
60.0,2020,33.0,nan,25-39,Male,Asian,$50K-$75K,N/A,Master's Degree or Higher,Buddhist,Independent,Somewhat important,Once a week,Never married,Yes use,Yes use,"No, don’t use this","No, don’t use this","No, don’t use this","No, don’t use this",Yes use,Yes use,,,,Only fair,Better,3.196661991146581,1.776923369499581
61.0,2020,57.0,nan,40-59,Female,White,$10K-$20K,< $40K,Associate's Degree,Protestant,Democrat,Very important,Once a day,Living with a partner,Yes use,Yes use,"No, don’t use this",Yes use,"No, don’t use this","No, don’t use this","No, don’t use this","No, don’t use this",,,,Only fair,Better,1.9701671652116497,0.5889203971367513
62.0,2020,84.0,nan,80+,Male,White,$20K-$30K,< $40K,High School,Roman Catholic,Republican,Very important,A few times a week,Widowed,"No, don’t use this",Yes use,"No, don’t use this","No, don’t use this","No, don’t use this","No, don’t use this","No, don’t use this","No, don’t use this",,,,Good,Better,2.1311079940977207,1.3412070060972243
63.0,2020,25.0,nan,25-39,Male,White,$40K-$50K,$40-70K,Master's Degree or Higher,Nothing in particular,Democrat,Not too important,Never,Never married,"No, don’t use this",Yes use,"No, don’t use this",Yes use,Yes use,Yes use,Yes use,"No, don’t use this",,,,Only fair,Better,1.0655539970488603,0.5046920037719582
64.0,2020,25.0,nan,25-39,Male,N/A,$40K-$50K,$40-70K,Bachelor's Degree,N/A,N/A,N/A,N/A,Never married,"No, don’t use this",Yes use,Yes use,Yes use,Yes use,Yes use,Yes use,"No, don’t use this",,,,Poor,Better,1.9701671652116497,0.9164452667087037
65.0,2020,21.0,nan,18-24,Male,White,$50K-$75K,N/A,Some College,Protestant,Other,Very important,Once a day,Never married,"No, don’t use this",Yes use,Yes use,Yes use,Yes use,"No, don’t use this",Yes use,"No, don’t use this",,,,Excellent,About the same,3.196661991146581,4.782542232953069
66.0,2020,80.0,nan,80+,Male,White,$100K-$150K,$100K+,Master's Degree or Higher,Protestant,Other,Very important,A few times a week,Married,Yes use,"No, don’t use this","No, don’t use this","No, don’t use this","No, don’t use this","No, don’t use this","No, don’t use this","No, don’t use this",,,,Only fair,About the same,2.1311079940977207,0.4223126146982968
67.0,2020,31.0,nan,25-39,Male,White,$100K-$150K,$100K+,Master's Degree or Higher,Roman Catholic,Democrat,Somewhat important,Once a week,Never married,"No, don’t use this",Yes use,Yes use,"No, don’t use this","No, don’t use this",Yes use,Yes use,"No, don’t use this",,,,Good,Worse,1.0655539970488603,0.5025189078169521
68.0,2020,40.0,nan,40-59,Female,White,$100K-$150K,$100K+,Bachelor's Degree,Mormon,Republican,Very important,Several times a day,Married,Yes use,Yes use,"No, don’t use this",Yes use,"No, don’t use this",Yes use,"No, don’t use this",Yes use,,,,Excellent,Better,2.1311079940977207,0.6543575752929703
69.0,2020,66.0,nan,60-79,Female,White,$30K-$40K,< $40K,High School,Roman Catholic,Republican,Very important,Several times a day,Never married,Yes use,"No, don’t use this",Yes use,Yes use,Yes use,"No, don’t use this","No, don’t use this",Yes use,,,,Only fair,About the same,1.0655539970488603,0.7029970856322346
70.0,2020,25.0,nan,25-39,Male,Asian,N/A,N/A,High School,Nothing in particular,Other,Not at all important,Never,Never married,Yes use,Yes use,"No, don’t use this","No, don’t use this","No, don’t use this","No, don’t use this","No, don’t use this","No, don’t use this",,,,Only fair,Worse,3.1580463667306837,4.782542232953069
71.0,2020,53.0,nan,40-59,Male,White,$150K+,$100K+,Master's Degree or Higher,Protestant,Democrat,Somewhat important,A few times a week,Married,Yes use,Yes use,Yes use,"No, don’t use this","No, don’t use this","No, don’t use this","No, don’t use this","No, don’t use this",,,,Good,About the same,2.1311079940977207,0.611019682257773
72.0,2020,53.0,nan,40-59,Male,White,$30K-$40K,< $40K,Master's Degree or Higher,Agnostic,Independent,Not at all important,Seldom,Married,Yes use,Yes use,Yes use,"No, don’t use this","No, don’t use this","No, don’t use this",Yes use,"No, don’t use this",,,,Only fair,Worse,2.1311079940977207,0.6083747859706004
73.0,2020,34.0,nan,25-39,Female,Asian,$50K-$75K,N/A,Master's Degree or Higher,Hindu,Other,Somewhat important,Once a day,Never married,"No, don’t use this",Yes use,"No, don’t use this","No, don’t use this","No, don’t use this",Yes use,Yes use,"No, don’t use this",,,,Good,Better,1.0655539970488603,0.7717690515322565
74.0,2020,27.0,nan,25-39,Male,Mixed Race,$20K-$30K,< $40K,Associate's Degree,Buddhist,Other,Not too important,Never,Living with a partner,"No, don’t use this",Yes use,Yes use,Yes use,Yes use,"No, don’t use this",Yes use,Yes use,,,,Good,Worse,3.196661991146581,4.0610743578305435
75.0,2020,23.0,nan,18-24,Female,White,$10K-$20K,< $40K,High School,Nothing in particular,Other,Not at all important,Never,Never married,Yes use,Yes use,Yes use,Yes use,Yes use,"No, don’t use this","No, don’t use this","No, don’t use this",,,,Poor,About the same,2.1311079940977207,2.9859329880703678
76.0,2020,35.0,nan,25-39,Male,White,$100K-$150K,$100K+,Master's Degree or Higher,Agnostic,Independent,Not at all important,Seldom,Married,Yes use,Yes use,"No, don’t use this",Yes use,"No, don’t use this","No, don’t use this",Yes use,Yes use,,,,Only fair,Worse,2.1311079940977207,1.6319486209913519
77.0,2020,40.0,nan,40-59,Female,White,$75K-$100K,$70-100K,Some College,Protestant,Independent,Very important,Several times a day,Married,Yes use,Yes use,Yes use,Yes use,Yes use,"No, don’t use this",Yes use,Yes use,,,,Only fair,About the same,1.9701671652116497,0.6771788232321936
78.0,2020,69.0,nan,60-79,Female,White,$75K-$100K,$70-100K,Master's Degree or Higher,Protestant,Republican,Very important,Several times a day,Married,"No, don’t use this",Yes use,"No, don’t use this","No, don’t use this","No, don’t use this","No, don’t use this","No, don’t use this","No, don’t use this",,,,Good,N/A,3.196661991146581,1.1170201163839195
79.0,2020,46.0,nan,40-59,Male,White,$150K+,$100K+,Master's Degree or Higher,Nothing in particular,Independent,Not at all important,Never,Married,Yes use,Yes use,Yes use,"No, don’t use this","No, don’t use this","No, don’t use this",Yes use,"No, don’t use this",,,,Excellent,About the same,2.1311079940977207,0.6083747859706004
80.0,2020,35.0,nan,25-39,Female,White,$100K-$150K,$100K+,Bachelor's Degree,Nothing in particular,Democrat,Not too important,Never,Married,Yes use,Yes use,"No, don’t use this",Yes use,"No, don’t use this","No, don’t use this","No, don’t use this","No, don’t use this",,,,Good,Worse,2.1311079940977207,0.5883318926408619
81.0,2020,69.0,nan,60-79,Male,White,$40K-$50K,$40-70K,Bachelor's Degree,Roman Catholic,Republican,Somewhat important,Once a day,Married,Yes use,Yes use,"No, don’t use this","No, don’t use this","No, don’t use this","No, don’t use this","No, don’t use this",Yes use,,,,Poor,About the same,2.1311079940977207,0.36523407487704773
82.0,2020,24.0,nan,18-24,Female,Other,$10K-$20K,< $40K,High School,Nothing in particular,Other,Very important,A few times a month,Never married,Yes use,Yes use,Yes use,Yes use,Yes use,Yes use,"No, don’t use this","No, don’t use this",,,,Good,Worse,2.4399495024969826,4.782542232953069
83.0,2020,,nan,N/A,Male,N/A,$75K-$100K,$70-100K,Some College,N/A,Democrat,Very important,Several times a day,Married,Yes use,Yes use,"No, don’t use this",Yes use,"No, don’t use this","No, don’t use this",Yes use,"No, don’t use this",,,,Good,About the same,2.1311079940977207,0.7305866550591321
84.0,2020,23.0,nan,18-24,Female,Asian,$30K-$40K,< $40K,Master's Degree or Higher,Nothing in particular,Democrat,Not at all important,Never,Never married,Yes use,Yes use,"No, don’t use this",Yes use,Yes use,Yes use,"No, don’t use this","No, don’t use this",,,,Good,Worse,1.0526821222435612,0.3940143450091138
85.0,2020,72.0,nan,60-79,Female,White,$40K-$50K,$40-70K,High School,Protestant,Democrat,Very important,Several times a day,Married,"No, don’t use this","No, don’t use this","No, don’t use this","No, don’t use this",Yes use,"No, don’t use this","No, don’t use this",Yes use,,,,Only fair,About the same,2.9552507478174745,3.093824681131642
86.0,2020,27.0,nan,25-39,Male,White,$30K-$40K,< $40K,Master's Degree or Higher,Roman Catholic,Independent,Somewhat important,A few times a month,Never married,Yes use,Yes use,"No, don’t use this",Yes use,"No, don’t use this","No, don’t use this",Yes use,"No, don’t use this",,,,Excellent,Better,1.0655539970488603,0.4350294610463588
87.0,2020,80.0,nan,80+,Male,White,$40K-$50K,$40-70K,High School,Protestant,Republican,Very important,Several times a day,Married,"No, don’t use this",Yes use,"No, don’t use this","No, don’t use this","No, don’t use this","No, don’t use this","No, don’t use this",Yes use,,,,Good,Better,1.626633001664655,1.1889222198577345
88.0,2020,58.0,nan,40-59,Female,White,$100K-$150K,$100K+,High School,Protestant,Other,Very important,Several times a day,Married,Yes use,Yes use,Yes use,Yes use,Yes use,"No, don’t use this","No, don’t use this",Yes use,,,,Excellent,About the same,2.1311079940977207,1.0567539568901532
89.0,2020,23.0,nan,18-24,Male,White,$40K-$50K,$40-70K,High School,Protestant,Republican,Somewhat important,Seldom,Never married,Yes use,Yes use,Yes use,Yes use,Yes use,"No, don’t use this","No, don’t use this","No, don’t use this",,,,Good,Better,3.1580463667306837,4.782542232953069
90.0,2020,84.0,nan,80+,Male,White,$150K+,$100K+,Bachelor's Degree,Nothing in particular,Republican,Not too important,Never,Married,Yes use,"No, don’t use this","No, don’t use this","No, don’t use this","No, don’t use this","No, don’t use this",Yes use,"No, don’t use this",,,,Good,Better,2.1311079940977207,0.4712456312507066
91.0,2020,70.0,nan,60-79,Male,White,$20K-$30K,< $40K,High School,Protestant,Democrat,Very important,Several times a day,Divorced,Yes use,Yes use,Yes use,"No, don’t use this","No, don’t use this","No, don’t use this","No, don’t use this",N/A,,,,Good,Better,1.0655539970488603,0.5916578311950095
92.0,2020,,nan,N/A,Male,White,$30K-$40K,< $40K,High School,Protestant,N/A,Very important,Several times a day,N/A,Yes use,Yes use,"No, don’t use this","No, don’t use this","No, don’t use this","No, don’t use this","No, don’t use this","No, don’t use this",,,,Good,Better,3.196661991146581,4.782542232953069
93.0,2020,27.0,nan,25-39,Female,White,$10K-$20K,< $40K,High School,Other,Republican,Very important,Several times a day,Living with a partner,Yes use,Yes use,"No, don’t use this",Yes use,Yes use,"No, don’t use this","No, don’t use this",Yes use,,,,Good,Better,2.1053642444871223,1.4777559944807515
94.0,2020,38.0,nan,25-39,Male,Black,$75K-$100K,$70-100K,Bachelor's Degree,Protestant,Democrat,Very important,Several times a day,Married,"No, don’t use this",Yes use,"No, don’t use this",Yes use,"No, don’t use this","No, don’t use this",Yes use,Yes use,,,,Only fair,Worse,1.214402768146234,1.0499034624743322
95.0,2020,40.0,nan,40-59,Male,White,$75K-$100K,$70-100K,Bachelor's Degree,Protestant,Democrat,Not too important,Seldom,Married,Yes use,Yes use,"No, don’t use this","No, don’t use this","No, don’t use this","No, don’t use this","No, don’t use this","No, don’t use this",,,,Only fair,Better,2.1311079940977207,0.8865406132838178
96.0,2020,66.0,nan,60-79,Male,White,N/A,N/A,Associate's Degree,Roman Catholic,Republican,Very important,A few times a month,Married,Yes use,Yes use,"No, don’t use this","No, don’t use this","No, don’t use this","No, don’t use this","No, don’t use this",Yes use,,,,Good,About the same,2.1311079940977207,0.701219502605027
97.0,2020,67.0,nan,60-79,Male,White,$20K-$30K,< $40K,High School,Protestant,Democrat,Very important,Seldom,Married,Yes use,"No, don’t use this","No, don’t use this","No, don’t use this","No, don’t use this","No, don’t use this","No, don’t use this","No, don’t use this",,,,Poor,Worse,2.1053642444871223,2.1289481602341254
98.0,2020,36.0,nan,25-39,Female,White,$100K-$150K,$100K+,Bachelor's Degree,Protestant,Republican,Somewhat important,Once a week,Married,Yes use,Yes use,Yes use,Yes use,Yes use,"No, don’t use this",Yes use,Yes use,,,,Good,Better,2.1311079940977207,0.5706154230732954
99.0,2020,60.0,nan,60-79,Female,White,$30K-$40K,< $40K,Some High School,Protestant,Republican,Very important,Several times a day,Widowed,Yes use,Yes use,"No, don’t use this","No, don’t use this","No, don’t use this","No, don’t use this","No, don’t use this","No, don’t use this",,,,Only fair,Better,0.9850835826058248,0.48163433588990195
100.0,2020,31.0,nan,25-39,Male,White,$75K-$100K,$70-100K,Associate's Degree,Protestant,Republican,Not too important,A few times a month,Married,Yes use,Yes use,Yes use,Yes use,Yes use,"No, don’t use this",Yes use,Yes use,,,,Good,About the same,2.1311079940977207,2.2769214026156965
